,MSE,RMSE,MAE,MAPE,R2
Random Forest,24605558.536336496,4960.399029950766,3204.3920810738728,14.164699435533112,0.82592239786234
SVR,175240051.7345707,13237.826548741705,8706.787415505683,35.49287914724067,-0.2397754742849858
Neural Network,456327617.12343,21361.826165462306,17748.589537141685,99.97992525202072,-2.2283931803755
